{"JumpSpriteAnim":{"Frame0":[1.0,68.0,19.0,23.0],"Frame1":[20.0,68.0,38.0,23.0],"Frame2":[40.0,68.0,58.0,23.0],"Frame3":[60.0,68.0,78.0,23.0],"Frame4":[80.0,68.0,98.0,23.0],"Frame5":[100.0,68.0,118.0,23.0],"Frame6":[120.0,68.0,138.0,23.0],"Frame7":[140.0,68.0,158.0,23.0],"Frame8":[160.0,68.0,178.0,23.0],"Frame9":[179.0,68.0,197.0,23.0],"NumFrames":10,"Repeating":false,"SecsPerFrame":0.10000000149011612},"SurferSpriteAnim":{"Frame0":[2.0,21.0,20.0,1.0],"Frame1":[23.0,21.0,41.0,1.0],"Frame2":[44.0,21.0,62.0,1.0],"Frame3":[65.0,21.0,83.0,1.0],"Frame4":[86.0,21.0,104.0,1.0],"Frame5":[106.0,21.0,124.0,1.0],"Frame6":[127.0,21.0,145.0,1.0],"Frame7":[149.0,21.0,167.0,1.0],"Frame8":[169.0,21.0,187.0,1.0],"Frame9":[196.0,21.0,208.0,1.0],"NumFrames":10,"Repeating":true,"SecsPerFrame":0.10000000149011612}}