{"JumpSpriteAnim":{"Frame0":[1.0,1060.0,200.0,601.0],"Frame1":[211.0,1060.0,410.0,601.0],"Frame2":[421.0,1060.0,620.0,601.0],"Frame3":[631.0,1060.0,830.0,601.0],"Frame4":[841.0,1060.0,1040.0,601.0],"Frame5":[1051.0,1060.0,1250.0,601.0],"Frame6":[1261.0,1060.0,1460.0,601.0],"Frame7":[1471.0,1060.0,1670.0,601.0],"Frame8":[1681.0,1060.0,1880.0,601.0],"Frame9":[1891.0,1060.0,2090.0,601.0],"NumFrames":10,"Repeating":false,"SecsPerFrame":0.10000000149011612},"SurferSpriteAnim":{"Frame0":[1.0,590.0,200.0,131.0],"Frame1":[211.0,590.0,410.0,131.0],"Frame2":[421.0,590.0,620.0,131.0],"Frame3":[631.0,590.0,830.0,131.0],"Frame4":[841.0,590.0,1040.0,131.0],"Frame5":[1051.0,590.0,1250.0,131.0],"Frame6":[1261.0,590.0,1460.0,131.0],"Frame7":[1471.0,590.0,1670.0,131.0],"Frame8":[1681.0,590.0,1880.0,131.0],"Frame9":[1891.0,590.0,2090.0,131.0],"NumFrames":10,"Repeating":true,"SecsPerFrame":0.10000000149011612}}