{"JumpSurfer":{"Frame0":[11.0,101.0,29.0,57.0],"Frame1":[51.0,101.0,69.0,57.0],"Frame2":[91.0,101.0,109.0,57.0],"Frame3":[131.0,101.0,149.0,57.0],"Frame4":[171.0,101.0,189.0,57.0],"Frame5":[211.0,101.0,229.0,57.0],"Frame6":[251.0,101.0,269.0,57.0],"Frame7":[291.0,101.0,309.0,57.0],"Frame8":[331.0,101.0,349.0,57.0],"Frame9":[371.0,101.0,389.0,57.0],"NumFrames":10,"Repeating":false,"SecsPerFrame":0.10000000149011612},"Surfer":{"Frame0":[2.0,20.0,19.0,0.0],"Frame1":[22.0,20.0,39.0,0.0],"Frame2":[42.0,20.0,59.0,0.0],"Frame3":[62.0,20.0,79.0,0.0],"Frame4":[82.0,20.0,99.0,0.0],"Frame5":[102.0,20.0,119.0,0.0],"Frame6":[122.0,20.0,139.0,0.0],"Frame7":[142.0,20.0,159.0,0.0],"Frame8":[162.0,20.0,179.0,0.0],"Frame9":[182.0,20.0,199.0,0.0],"NumFrames":10,"Repeating":true,"SecsPerFrame":0.10000000149011612}}